{"width":900,"height":700,"components":[{"type":"Cell","pos":[90.99998474121094,210.13194274902344],"data":{"voltage":1.5},"conns":[{"index":1,"path":[],"hasRes":false,"material":8,"r":1.5}]},{"type":"Thermometer","pos":[310.99998474121094,214.13194274902344],"conns":[{"index":2,"path":[],"hasRes":false,"material":8,"r":1.5}]},{"type":"Heater","pos":[382.99998474121094,217.13194274902344],"data":{"eff":2100,"maxT":100},"conns":[{"index":0,"path":[[441.99998474121094,216.79859924316406],[441.99998474121094,288.79859924316406],[45.99998474121094,288.79859924316406],[45.99998474121094,209.79859924316406]],"hasRes":false,"material":8,"r":1.5}]}],"pxcm":2.5,"temp":20,"light":0}